,title,price
0,"Apple iPhone 8 (Great Condition) Factory Unlocked, AT&T, T-Mobile or Verizon",$169.99 to $264.99
1,"Apple iPhone 12 (Excellent Condition) Verizon, Unlocked, AT&T,  T-Mobile & GSM",$419.99 to $529.99
2,Apple iPhone X - 256GB - Silver (Unlocked) A1865 (CDMA + GSM) ***READ***,$138.00 to $265.00
3,Apple iPhone X - 256GB - Silver (Unlocked) A1865 (CDMA + GSM),$139.00 to $280.00
4,Apple iPhone 11 - 128GB - A2111 Fully Unlocked - Pristine Condition - Smartphone,$177.00 to $369.00
5,Apple iPhone 12 Pro Max - 128GB - Gray (ATT) (Read Description) DD1157,$247.50
6,Apple iPhone X | XR | XS | XS Max - 64GB 128GB 256GB - Verizon GSM Unlocked AT&T,$179.95 to $339.95
7,Apple iPhone 12 - 64GB 128GB- All Colors - Unlocked Smartphone - Mint Condition,$226.00 to $339.00
8,Apple iPhone 13 Pro A2483 Unlocked 128GB Sierra Blue C,$449.99
9,Apple iPhone SE 3rd Gen 2022 64GB A2595 5G (TracFone/Straight Talk) - Excellent,$149.99
10,Apple iPhone 6 16GB 64GB 128GB Factory Unlocked AT&T Verizon TMobile Sprint Mint,$38.00 to $104.00
11,Apple iPhone 11 - 64GB - Purple (Unlocked) A2111 (CDMA + GSM),$259.95
12,Apple iPhone 12 - 64GB - Red - Unlocked Smartphone - Good Condition,$289.95
13,Apple iPhone 11 - 64GB | 128GB (Unlocked) A2111 (CDMA + GSM) All Colors,$229.95 to $299.95
14,Apple iPhone 11 64GB 128GB Fully Unlocked GSM/CDMA Good,$176.00 to $360.00
15,Apple iPhone 12 128GB Network Unlocked Mint Condition,$232.00 to $347.00
16,Apple iPhone X Space Gray - 64GB - Factory Unlocked - Good,$179.94
17,Apple iPhone 12 Pro - 128GB - Gray (Unlocked) (Read Description) DI1037,$510.00
18,Apple iPhone 12 Purple 64GB - Factory Unlocked,$289.95
19,Apple iPhone 14 - 128GB/256GB/512GB - All Colors - Choose your Network,$404.79 to $510.39
20,Apple iPhone 14 Pro Max 256GB ( Unlocked)  US E Sim - Excellent,$844.99
21,Apple iPhone XR A1984 Unlocked 64GB Black C,$164.99
22,Apple iPhone 13 Pro Max  256gb Unlocked - Excellent,$609.00
23,Apple iPhone 12 Pro Max - 128GB - Blue (Unlocked) (Read Description) CE1038,$410.00
24,Apple iPhone 11 64GB Factory Unlocked A2111 (CDMA + GSM) Good Condition,$219.85
25,Apple iPhone 8/8 Plus (64GB 128GB 256GB) Unlocked Verizon At&t GSM/CDMA LTE 4G,$93.00 to $182.00
26,Apple iPhone 12 64GB 128GB Unlocked Bundle with MagSafe - All Colors - Excellent,$344.99 to $374.99
27,Apple iPhone 11 - 128GB - Black. Unlocked A2111 (CDMA + GSM) Good Condition,$174.00 to $360.00
28,Apple iPhone 8 64GB Unlocked Smartphone - Silver (A1863),$134.99
29,Apple iPhone 12 64GB Black / Red / Blue / White T-Mobile Smartphone 5G,$304.00
30,Apple iPhone 7 Plus - 128GB - All Colors - GSM Unlocked - Good Condition,$96.00 to $166.00
31,Apple iPhone 7 - 128GB - All Colors - Unlocked - Good Condition,$87.00 to $118.00
32,New ListingApple iPhone 13 - 128GB - Midnight Unlocked,$325.00
33,Apple iPhone 12 Blue 64GB Factory Unlocked - GOOD Condition,$289.95
34,Apple iPhone 12 mini A2176 Unlocked 64GB Blue Good,$239.99
35,Apple iPhone 8 Plus A1864 Unlocked 64GB Space Gray C,$129.99
36,Apple iPhone 12 Pro Max - 128GB - Blue (Unlocked) (Read Description) DE1133,$340.00
37,New Apple iPhone SE 3rd Gen 2022 5G AT&T/Verizon/T-Mobile/Unlocked 64GB/128GB,$189.99 to $399.99
38,Apple iPhone 12 - 64GB 128GB - Unlocked/Verizon - Mint Condition,$230.00 to $345.00
39,Apple iPhone 12 64GB - Good Condition - All Colors- No Face ID,$220.00
40,Apple iPhone 7 -32GB - Black Unlocked -Verizon AT&T T-Mobile 4G LTE READ*,$69.99
41,Apple iPhone 13 mini 128GB Factory Unlocked AT&T T-Mobile Verizon Very Good,$394.95
42,Apple iPhone 12 mini - 64GB - Blue (Unlocked) - Very Good Condition,$269.95
43,Apple iPhone 11 64GB 128GB Verizon T-Mobile AT&T Unlocked Good Condition,$172.00 to $355.00
44,Apple - iPhone 15 - 256GB - Unlocked - Factory Warranty - All Colors,$969.00
45,Apple iPhone 6 16GB- 64GB- 128GB Gold Gray Silver Unlocked/Verizon/AT&T/Tmobile,$37.00 to $93.00
46,New ListingiPhone X - 64GB - Space Grey (Unlocked) A1901 (GSM),$117.34
47,Apple iPhone 7 Plus - 128GB - All Colors - Unlocked - Good Condition,$96.00 to $165.00
48,Apple iPhone 12 Pro Max Fully Unlocked 6.7in 6GB/256GB - All Colors,$479.00
49,Apple iPhone 12 - 64GB - Factory Unlocked - Very Good Condition,$289.94
50,Apple iPhone 6 16GB-64GB-128GB Gold Gray Silver GSM CDMA Unlocked 4G Smartphone,$38.00 to $88.00
51,Apple iPhone 13 128GB Factory Unlocked AT&T T-Mobile Verizon Very Good Condition,$434.95
52,Apple iPhone XS - 64GB - Gray (Unlocked) (Read Description) EI1022,$112.00
53,Apple iPhone 13 Pro Max  128gb Unlocked - Excellent,$579.99
54,Apple iPhone 13 A2482 Unlocked 128GB Red C,$379.99
55,"Apple iPhone 6S (Excellent Condition) Factory Unlocked, Verizon, AT&T, T-Mobile",$47.00 to $108.00
56,Apple iPhone 12 Pro 128GB Unlocked AT&T T-Mobile Verizon Very Good Condition,$384.95
57,Apple iPhone 12 mini A2176 Unlocked 64GB Black C,$219.99
58,Apple iPhone 13 Pro Max - 128GB - Graphite. Works Great! ðŸ’Ž,$425.00
59,Apple iPhone 13 Pro 128GB Unlocked AT&T T-Mobile Verizon Excellent Condition,$519.95
60,Apple - iPhone 15 Plus - 128GB - Unlocked - Factory Warranty - All Colors,$969.00
61,Apple iPhone 14 Pro - 128GB - Space Black - SIM LOCKED,$310.00
62,Apple iPhone SE 2020 - 64GB - All Colors - Fully Unlocked - Excellent Condition,$144.99
63,Apple iPhone 13 - 128GB 256GB 512GB - All Colors - Good Condition,$413.00 to $589.00
64,Apple iPhone 14 Pro A2650 Unlocked 128GB Deep Purple Good,$649.99
65,Apple iPhone 12 Pro 128GB Unlocked AT&T T-Mobile Verizon Excellent Condition,$389.95
66,Apple iPhone 12 128GB Factory Unlocked AT&T T-Mobile Verizon Very Good Condition,$329.95
67,Apple iPhone 13 Pro Max  128gb Unlocked - Good,$549.99
68,Apple iPhone 11 Pro Max 64GB Unlocked AT&T T-Mobile Verizon Very Good Condition,$349.95
69,Apple iPhone X - 64GB - Silver (Unlocked) A1865 (CDMA + GSM) - Good,$179.96
70,Apple iPhone 13 128GB (Unlocked) Bundle with MagSafe - All Colors - Excellent,$479.99
71,Apple iPhone 12 mini 128GB Unlocked AT&T T-Mobile Verizon Very Good Condition,$299.95
72,Apple iPhone 13 Pro 128GB Unlocked AT&T T-Mobile Verizon Very Good Condition,$509.95
73,Apple iPhone 12 - 128/64GB - Blue/White - Unlocked Smartphone Mint Condition,$229.00 to $343.00
74,Apple iPhone 11 - 128GB 64GB - White (Unlocked) A2111 (CDMA + GSM),$173.00 to $359.00
